balanced_accuracy,macro_recall,macro_f1,T1_recall,T2_recall,T3_recall,T4_recall,T4_precision,T4_f1,n_pred_T4,pair,weight_a_petaware,weight_b_final,thr_ge_T2,thr_ge_T3,thr_ge_T4
0.5812716408138467,0.5812716408138467,0.5642001226424691,0.7245508982035929,0.5089605734767025,0.45054945054945056,0.6410256410256411,0.5434782608695652,0.5882352941176471,138,fair_hu_geom_petaware_final,0.8,0.2,0.64,0.44,0.35
0.5808436005219857,0.5808436005219857,0.5622464492163304,0.7305389221556886,0.4982078853046595,0.44505494505494503,0.6495726495726496,0.5428571428571428,0.5914396887159533,140,fair_hu_geom_petaware_final,0.45,0.55,0.65,0.45,0.34
0.5789822635244695,0.5789822635244695,0.5639633944276444,0.7245508982035929,0.5089605734767025,0.46703296703296704,0.6153846153846154,0.5454545454545454,0.5783132530120482,132,fair_hu_geom_petaware_final,0.85,0.15,0.64,0.44,0.36
0.5779138874560934,0.5779138874560934,0.5590606185303473,0.7245508982035929,0.5089605734767025,0.42857142857142855,0.6495726495726496,0.5277777777777778,0.5823754789272031,144,fair_hu_geom_petaware_final,0.9,0.1,0.64,0.44,0.34
0.5779138874560934,0.5779138874560934,0.5589956582728648,0.7245508982035929,0.5089605734767025,0.42857142857142855,0.6495726495726496,0.5277777777777778,0.5823754789272031,144,fair_hu_geom_petaware_final,0.75,0.25,0.64,0.45,0.34
0.577311759560166,0.577311759560166,0.5628748029496045,0.6946107784431138,0.5340501792114696,0.43956043956043955,0.6410256410256411,0.5319148936170213,0.5813953488372093,141,fair_hu_geom_petaware_final,0.5,0.5,0.63,0.45,0.34
0.577234252987585,0.577234252987585,0.5472718508033625,0.8203592814371258,0.40860215053763443,0.45604395604395603,0.6239316239316239,0.5367647058823529,0.5770750988142292,136,fair_hu_geom_petaware_final,0.55,0.45,0.7,0.45,0.35
0.5768640257002242,0.5768640257002242,0.5634948945576013,0.7005988023952096,0.5268817204301075,0.45604395604395603,0.6239316239316239,0.5367647058823529,0.5770750988142292,136,fair_hu_geom_petaware_final,0.6,0.4,0.63,0.45,0.35
0.5768640257002242,0.5768640257002242,0.5634072413084008,0.7005988023952096,0.5268817204301075,0.45604395604395603,0.6239316239316239,0.5367647058823529,0.5770750988142292,136,fair_hu_geom_petaware_final,0.65,0.35,0.63,0.45,0.35
0.5765486337970402,0.5765486337970402,0.5630435050884621,0.6946107784431138,0.5340501792114696,0.44505494505494503,0.6324786324786325,0.5362318840579711,0.5803921568627451,138,fair_hu_geom_petaware_final,0.4,0.6,0.63,0.45,0.34
0.5764168814680695,0.5764168814680695,0.5578936545943829,0.718562874251497,0.5089605734767025,0.42857142857142855,0.6495726495726496,0.5277777777777778,0.5823754789272031,144,fair_hu_geom_petaware_final,0.95,0.05,0.64,0.44,0.34
0.5763954190166283,0.5763954190166283,0.5623274865726164,0.6826347305389222,0.5448028673835126,0.42857142857142855,0.6495726495726496,0.5277777777777778,0.5823754789272031,144,fair_hu_geom_petaware_final,1.0,0.0,0.62,0.44,0.34
0.575949454040047,0.575949454040047,0.5611404057418792,0.7245508982035929,0.5053763440860215,0.46703296703296704,0.6068376068376068,0.5419847328244275,0.5725806451612903,131,fair_hu_geom_petaware_final,0.7,0.3,0.64,0.45,0.36
0.57565257644937,0.57565257644937,0.5620082331675035,0.6946107784431138,0.5304659498207885,0.44505494505494503,0.6324786324786325,0.5362318840579711,0.5803921568627451,138,fair_hu_geom_petaware_final,0.35,0.65,0.63,0.45,0.34
0.5739540062024127,0.5739540062024127,0.5577611878323996,0.6946107784431138,0.5340501792114696,0.4175824175824176,0.6495726495726496,0.5205479452054794,0.5779467680608366,146,fair_hu_geom_petaware_final,0.25,0.75,0.63,0.46,0.33
0.5725803798287862,0.5725803798287862,0.5563236965383839,0.6946107784431138,0.5340501792114696,0.41208791208791207,0.6495726495726496,0.5205479452054794,0.5779467680608366,146,fair_hu_geom_petaware_final,0.2,0.8,0.63,0.46,0.33
0.5724480378720286,0.5724480378720286,0.5366066014285573,0.7065868263473054,0.5197132616487455,0.2857142857142857,0.7777777777777778,0.4945652173913043,0.6046511627906976,184,fair_hu_petaware_final,0.95,0.05,0.62,0.47,0.31
0.5724480378720286,0.5724480378720286,0.5366066014285573,0.7065868263473054,0.5197132616487455,0.2857142857142857,0.7777777777777778,0.4945652173913043,0.6046511627906976,184,fair_hu_petaware_final,1.0,0.0,0.62,0.48,0.31
0.5722618334169426,0.5722618334169426,0.5309485783914829,0.7245508982035929,0.4265232974910394,0.3516483516483517,0.7863247863247863,0.4816753926701571,0.5974025974025974,191,fair_hu_petaware_final,0.4,0.6,0.63,0.39,0.3
0.5722618334169426,0.5722618334169426,0.5309485783914829,0.7245508982035929,0.4265232974910394,0.3516483516483517,0.7863247863247863,0.4816753926701571,0.5974025974025974,191,fair_hu_petaware_final,0.45,0.55,0.63,0.39,0.3
0.5722618334169426,0.5722618334169426,0.5309485783914829,0.7245508982035929,0.4265232974910394,0.3516483516483517,0.7863247863247863,0.4816753926701571,0.5974025974025974,191,fair_hu_petaware_final,0.5,0.5,0.63,0.39,0.3
0.5722618334169426,0.5722618334169426,0.5309485783914829,0.7245508982035929,0.4265232974910394,0.3516483516483517,0.7863247863247863,0.4816753926701571,0.5974025974025974,191,fair_hu_petaware_final,0.55,0.45,0.63,0.39,0.3
0.5722618334169426,0.5722618334169426,0.5309485783914829,0.7245508982035929,0.4265232974910394,0.3516483516483517,0.7863247863247863,0.4816753926701571,0.5974025974025974,191,fair_hu_petaware_final,0.6,0.4,0.63,0.39,0.3
0.5722618334169426,0.5722618334169426,0.5309485783914829,0.7245508982035929,0.4265232974910394,0.3516483516483517,0.7863247863247863,0.4816753926701571,0.5974025974025974,191,fair_hu_petaware_final,0.65,0.35,0.63,0.39,0.3
0.5722618334169426,0.5722618334169426,0.5309485783914829,0.7245508982035929,0.4265232974910394,0.3516483516483517,0.7863247863247863,0.4816753926701571,0.5974025974025974,191,fair_hu_petaware_final,0.7,0.3,0.63,0.39,0.3
0.5718178436934473,0.5718178436934473,0.5584968778235183,0.7065868263473054,0.5232974910394266,0.45054945054945056,0.6068376068376068,0.5338345864661654,0.5680000000000001,133,fair_hu_geom_petaware_final,0.15,0.85,0.64,0.46,0.35
0.5717842643909864,0.5717842643909864,0.5306353829237125,0.7245508982035929,0.43010752688172044,0.34615384615384615,0.7863247863247863,0.4816753926701571,0.5974025974025974,191,fair_hu_petaware_final,0.75,0.25,0.63,0.4,0.3
0.5717842643909864,0.5717842643909864,0.5306353829237125,0.7245508982035929,0.43010752688172044,0.34615384615384615,0.7863247863247863,0.4816753926701571,0.5974025974025974,191,fair_hu_petaware_final,0.8,0.2,0.63,0.4,0.3
0.5717842643909864,0.5717842643909864,0.5306353829237125,0.7245508982035929,0.43010752688172044,0.34615384615384615,0.7863247863247863,0.4816753926701571,0.5974025974025974,191,fair_hu_petaware_final,0.85,0.15,0.63,0.4,0.3
0.5715120037604101,0.5715120037604101,0.5597382825409142,0.6946107784431138,0.5340501792114696,0.45054945054945056,0.6068376068376068,0.5338345864661654,0.5680000000000001,133,fair_hu_geom_petaware_final,0.3,0.7,0.63,0.46,0.35
0.5713055161094567,0.5713055161094567,0.5343188485051517,0.7005988023952096,0.4551971326164875,0.3516483516483517,0.7777777777777778,0.4789473684210526,0.5928338762214983,190,fair_hu_petaware_final,0.05,0.95,0.62,0.4,0.3
0.5712168950530936,0.5712168950530936,0.5586501263389793,0.7005988023952096,0.5268817204301075,0.45054945054945056,0.6068376068376068,0.5298507462686567,0.5657370517928286,134,fair_hu_geom_petaware_final,0.1,0.9,0.63,0.45,0.35
0.5710211386278607,0.5710211386278607,0.5306627589515249,0.7245508982035929,0.43010752688172044,0.3516483516483517,0.7777777777777778,0.4789473684210526,0.5928338762214983,190,fair_hu_petaware_final,0.3,0.7,0.63,0.4,0.3
0.5710211386278607,0.5710211386278607,0.5306627589515249,0.7245508982035929,0.43010752688172044,0.3516483516483517,0.7777777777777778,0.4789473684210526,0.5928338762214983,190,fair_hu_petaware_final,0.35,0.65,0.63,0.4,0.3
0.5704746421136222,0.5704746421136222,0.529169085787397,0.7245508982035929,0.5017921146953405,0.2692307692307692,0.7863247863247863,0.4791666666666667,0.5954692556634305,192,fair_hu_petaware_final,0.9,0.1,0.63,0.47,0.3
0.5704094587617864,0.5704094587617864,0.5332524090725766,0.7005988023952096,0.45161290322580644,0.3516483516483517,0.7777777777777778,0.4789473684210526,0.5928338762214983,190,fair_hu_petaware_final,0.1,0.9,0.62,0.4,0.3
0.5704094587617864,0.5704094587617864,0.5332524090725766,0.7005988023952096,0.45161290322580644,0.3516483516483517,0.7777777777777778,0.4789473684210526,0.5928338762214983,190,fair_hu_petaware_final,0.15,0.85,0.62,0.4,0.3
0.5704094587617864,0.5704094587617864,0.5332524090725766,0.7005988023952096,0.45161290322580644,0.3516483516483517,0.7777777777777778,0.4789473684210526,0.5928338762214983,190,fair_hu_petaware_final,0.2,0.8,0.62,0.4,0.3
0.5704094587617864,0.5704094587617864,0.5332524090725766,0.7005988023952096,0.45161290322580644,0.3516483516483517,0.7777777777777778,0.4789473684210526,0.5928338762214983,190,fair_hu_petaware_final,0.25,0.75,0.62,0.4,0.3
0.5703897651937058,0.5703897651937058,0.5234636190984259,0.7005988023952096,0.4551971326164875,0.2967032967032967,0.8290598290598291,0.4470046082949309,0.5808383233532934,217,fair_hu_petaware_final,0.0,1.0,0.62,0.4,0.26
0.5691296716504365,0.5691296716504365,0.5550713887388307,0.7065868263473054,0.5125448028673835,0.45054945054945056,0.6068376068376068,0.5298507462686567,0.5657370517928286,134,fair_hu_geom_petaware_final,0.0,1.0,0.64,0.45,0.35
0.5691296716504365,0.5691296716504365,0.5550713887388307,0.7065868263473054,0.5125448028673835,0.45054945054945056,0.6068376068376068,0.5298507462686567,0.5657370517928286,134,fair_hu_geom_petaware_final,0.05,0.95,0.64,0.45,0.35
