feature_table,feature_set,model,mode,n,balanced_accuracy,macro_recall,macro_f1,T1_recall,T2_recall,T3_recall,T4_recall,T4_precision,T4_f1,n_pred_T4,w_T1,w_T2,w_T3,w_T4,thr_ge_T2,thr_ge_T3,thr_ge_T4,source_file
pred_oof_headneck_hu_realgeom,baseline_plus_hu_geom,rf_leaf2,ordinal_threshold_tuned,745,0.5845011796093504,0.5845011796093504,0.5520284561518449,0.8203592814371258,0.4193548387096774,0.4230769230769231,0.6752136752136753,0.5486111111111112,0.6053639846743295,144,,,,,0.7,0.4499999999999999,0.35,outputs/tn_staging/models/rf_only_tstage_pred_oof_headneck_hu_realgeom/summary_rf_only_tstage.csv
pred_oof_headneck_hu_realgeom,baseline_plus_hu,rf_leaf2,ordinal_threshold_tuned,745,0.5794569728556593,0.5794569728556593,0.535329288556234,0.7664670658682635,0.4408602150537634,0.3241758241758242,0.7863247863247863,0.4867724867724867,0.6013071895424836,189,,,,,0.6499999999999999,0.4499999999999999,0.3,outputs/tn_staging/models/rf_only_tstage_pred_oof_headneck_hu_realgeom/summary_rf_only_tstage.csv
pred_oof_headneck_hu_realgeom_predmask_final,baseline_plus_hu,rf_depth12_leaf1,tuned_posthoc_t3_to_t4,745,0.5791826485278292,0.5791826485278292,0.5623371206910084,0.6946107784431138,0.5268817204301075,0.4285714285714285,0.6666666666666666,0.527027027027027,0.5886792452830188,148,,,,,,,,outputs/tn_staging/models/rf_only_tstage_pred_oof_headneck_hu_realgeom_predmask_final/summary_rf_only_tstage.csv
pred_oof_headneck_hu_realgeom,baseline_plus_hu_geom,rf_subsample_leaf2,tuned_posthoc_t3_to_t4,745,0.5774737303132126,0.5774737303132126,0.5186857105483692,0.7844311377245509,0.3691756272401433,0.3186813186813186,0.8376068376068376,0.4516129032258064,0.5868263473053892,217,,,,,,,,outputs/tn_staging/models/rf_only_tstage_pred_oof_headneck_hu_realgeom/summary_rf_only_tstage.csv
pred_oof_headneck_hu_realgeom,baseline_plus_hu_geom,rf_subsample_leaf2,proba_weight_tuned,745,0.5759474787869611,0.5759474787869611,0.5199718390766458,0.7844311377245509,0.3691756272401433,0.3296703296703296,0.8205128205128205,0.4593301435406698,0.588957055214724,209,1.0,0.6,0.8999999999999999,1.4999999999999998,,,,outputs/tn_staging/models/rf_only_tstage_pred_oof_headneck_hu_realgeom/summary_rf_only_tstage.csv
pred_oof_headneck_hu_realgeom,baseline_plus_hu,rf_depth12_leaf1,tuned_posthoc_t3_to_t4,745,0.5757052596921247,0.5757052596921247,0.5460558703482055,0.6646706586826348,0.5197132616487455,0.3406593406593406,0.7777777777777778,0.4972677595628415,0.6066666666666667,183,,,,,,,,outputs/tn_staging/models/rf_only_tstage_pred_oof_headneck_hu_realgeom/summary_rf_only_tstage.csv
pred_oof_headneck_hu_realgeom_predmask_petaware,baseline_plus_hu,rf_leaf1,tuned_posthoc_t3_to_t4,745,0.5756849764962572,0.5756849764962572,0.5564297753362983,0.6526946107784432,0.5340501792114696,0.4065934065934066,0.7094017094017094,0.503030303030303,0.5886524822695035,165,,,,,,,,outputs/tn_staging/models/rf_only_tstage_pred_oof_headneck_hu_realgeom_predmask_petaware/summary_rf_only_tstage.csv
pred_oof_headneck_hu_realgeom,baseline_plus_hu,rf_leaf1,tuned_posthoc_t3_to_t4,745,0.5753643663871595,0.5753643663871595,0.5441998386202673,0.6407185628742516,0.5197132616487455,0.3461538461538461,0.7948717948717948,0.4744897959183674,0.5942492012779552,196,,,,,,,,outputs/tn_staging/models/rf_only_tstage_pred_oof_headneck_hu_realgeom/summary_rf_only_tstage.csv
pred_oof_headneck_hu_realgeom,baseline_plus_hu,rf_depth12_leaf1,proba_weight_tuned,745,0.574942133928999,0.574942133928999,0.5467118628776458,0.6646706586826348,0.5197132616487455,0.3461538461538461,0.7692307692307693,0.5027932960893855,0.6081081081081081,179,1.0,0.7,0.8999999999999999,1.2999999999999998,,,,outputs/tn_staging/models/rf_only_tstage_pred_oof_headneck_hu_realgeom/summary_rf_only_tstage.csv
pred_oof_headneck_hu_realgeom,baseline_plus_hu,rf_leaf1,proba_weight_tuned,745,0.5746012406240337,0.5746012406240337,0.5446469900662592,0.6407185628742516,0.5197132616487455,0.3516483516483517,0.7863247863247863,0.4766839378238341,0.5935483870967742,193,1.0,0.7,1.0,1.6999999999999995,,,,outputs/tn_staging/models/rf_only_tstage_pred_oof_headneck_hu_realgeom/summary_rf_only_tstage.csv
pred_oof_headneck_hu_realgeom_predmask_final,baseline_plus_hu,rf_depth12_leaf1,proba_weight_tuned,745,0.5739933933385739,0.5739933933385739,0.5611448383567067,0.6946107784431138,0.5268817204301075,0.4505494505494505,0.6239316239316239,0.5367647058823529,0.5770750988142292,136,1.0,0.7,0.8999999999999999,1.1,,,,outputs/tn_staging/models/rf_only_tstage_pred_oof_headneck_hu_realgeom_predmask_final/summary_rf_only_tstage.csv
pred_oof_headneck_hu_realgeom,baseline_plus_hu_geom,rf_leaf2,tuned_posthoc_t3_to_t4,745,0.5739404152819259,0.5739404152819259,0.5410010807324102,0.718562874251497,0.4874551971326165,0.3461538461538461,0.7435897435897436,0.4702702702702703,0.5761589403973509,185,,,,,,,,outputs/tn_staging/models/rf_only_tstage_pred_oof_headneck_hu_realgeom/summary_rf_only_tstage.csv
pred_oof_headneck_hu_realgeom,baseline_plus_hu_geom,rf_leaf1,proba_weight_tuned,745,0.5731043230801778,0.5731043230801778,0.549824856944064,0.7365269461077845,0.5125448028673835,0.3681318681318681,0.6752136752136753,0.5096774193548387,0.5808823529411765,155,1.0,0.6,0.7999999999999999,1.1,,,,outputs/tn_staging/models/rf_only_tstage_pred_oof_headneck_hu_realgeom/summary_rf_only_tstage.csv
pred_oof_headneck_hu_realgeom_predmask_final,baseline_plus_hu,rf_subsample_leaf2,tuned_posthoc_t3_to_t4,745,0.5727927637576082,0.5727927637576082,0.5180238434794455,0.8083832335329342,0.3942652329749104,0.3021978021978022,0.7863247863247863,0.4532019704433497,0.575,203,,,,,,,,outputs/tn_staging/models/rf_only_tstage_pred_oof_headneck_hu_realgeom_predmask_final/summary_rf_only_tstage.csv
pred_oof_headneck_hu_realgeom,baseline_plus_hu_geom,rf_leaf1,tuned_posthoc_t3_to_t4,745,0.5726464476223023,0.5726464476223023,0.5453160469089846,0.7365269461077845,0.5125448028673835,0.3406593406593406,0.7008547008547008,0.4969696969696969,0.5815602836879432,165,,,,,,,,outputs/tn_staging/models/rf_only_tstage_pred_oof_headneck_hu_realgeom/summary_rf_only_tstage.csv
pred_oof_headneck_hu_realgeom_predmask_final,baseline_plus_hu,rf_leaf1,tuned_posthoc_t3_to_t4,745,0.5726065593025222,0.5726065593025222,0.5346217467976647,0.8263473053892215,0.4121863799283154,0.3681318681318681,0.6837606837606838,0.5095541401273885,0.583941605839416,157,,,,,,,,outputs/tn_staging/models/rf_only_tstage_pred_oof_headneck_hu_realgeom_predmask_final/summary_rf_only_tstage.csv
pred_oof_headneck_hu_realgeom_predmask_final,baseline_plus_hu,rf_leaf1,proba_weight_tuned,745,0.572453934149897,0.572453934149897,0.5370482080483756,0.8263473053892215,0.4121863799283154,0.3846153846153846,0.6666666666666666,0.52,0.5842696629213483,150,1.0,0.5,0.6,0.7999999999999999,,,,outputs/tn_staging/models/rf_only_tstage_pred_oof_headneck_hu_realgeom_predmask_final/summary_rf_only_tstage.csv
pred_oof_headneck_hu_realgeom_predmask_petaware,baseline_plus_hu_geom,rf_leaf2,ordinal_threshold_tuned,745,0.5724492171276023,0.5724492171276023,0.554016987498378,0.7305389221556886,0.4982078853046595,0.4285714285714285,0.6324786324786325,0.5323741007194245,0.578125,139,,,,,0.6499999999999999,0.4499999999999999,0.35,outputs/tn_staging/models/rf_only_tstage_pred_oof_headneck_hu_realgeom_predmask_petaware/summary_rf_only_tstage.csv
pred_oof_headneck_hu_realgeom_predmask_petaware,baseline_plus_hu_geom,rf_leaf1,tuned_posthoc_t3_to_t4,745,0.5724177015223954,0.5724177015223954,0.5137894674108819,0.7904191616766467,0.4229390681003584,0.2472527472527472,0.8290598290598291,0.473170731707317,0.6024844720496895,205,,,,,,,,outputs/tn_staging/models/rf_only_tstage_pred_oof_headneck_hu_realgeom_predmask_petaware/summary_rf_only_tstage.csv
pred_oof_headneck_hu_realgeom_predmask_petaware,baseline_plus_hu,rf_leaf1,proba_weight_tuned,745,0.5720219728332535,0.5720219728332535,0.5557415671572025,0.6526946107784432,0.5340501792114696,0.4175824175824176,0.6837606837606838,0.5128205128205128,0.5860805860805861,156,1.0,0.7,1.0,1.4,,,,outputs/tn_staging/models/rf_only_tstage_pred_oof_headneck_hu_realgeom_predmask_petaware/summary_rf_only_tstage.csv
pred_oof_headneck_hu_realgeom,baseline_plus_hu,rf_subsample_leaf2,tuned_posthoc_t3_to_t4,745,0.5714694621155892,0.5714694621155892,0.5194132170004875,0.7305389221556886,0.4265232974910394,0.2912087912087912,0.8376068376068376,0.4495412844036697,0.5850746268656717,218,,,,,,,,outputs/tn_staging/models/rf_only_tstage_pred_oof_headneck_hu_realgeom/summary_rf_only_tstage.csv
pred_oof_headneck_hu_realgeom,baseline_plus_hu,rf_subsample_leaf2,proba_weight_tuned,745,0.5707063363524635,0.5707063363524635,0.5198828632723725,0.7305389221556886,0.4265232974910394,0.2967032967032967,0.8290598290598291,0.449074074074074,0.5825825825825826,216,1.0,0.7,0.8999999999999999,1.4999999999999998,,,,outputs/tn_staging/models/rf_only_tstage_pred_oof_headneck_hu_realgeom/summary_rf_only_tstage.csv
pred_oof_headneck_hu_realgeom_predmask_petaware,baseline_plus_hu_geom,rf_subsample_leaf2,tuned_posthoc_t3_to_t4,745,0.570497873448424,0.570497873448424,0.5227770864739408,0.7964071856287425,0.4336917562724014,0.2912087912087912,0.7606837606837606,0.4684210526315789,0.5798045602605864,190,,,,,,,,outputs/tn_staging/models/rf_only_tstage_pred_oof_headneck_hu_realgeom_predmask_petaware/summary_rf_only_tstage.csv
pred_oof_headneck_hu_realgeom_predmask_final,baseline,rf_depth12_leaf1,tuned_posthoc_t3_to_t4,745,0.5702999648817689,0.5702999648817689,0.5453322819700261,0.6766467065868264,0.5483870967741935,0.3296703296703296,0.7264957264957265,0.4829545454545454,0.5802047781569966,176,,,,,,,,outputs/tn_staging/models/rf_only_tstage_pred_oof_headneck_hu_realgeom_predmask_final/summary_rf_only_tstage.csv
pred_oof_headneck_hu_realgeom_predmask_petaware,baseline,rf_depth12_leaf1,tuned_posthoc_t3_to_t4,745,0.5702999648817689,0.5702999648817689,0.5453322819700261,0.6766467065868264,0.5483870967741935,0.3296703296703296,0.7264957264957265,0.4829545454545454,0.5802047781569966,176,,,,,,,,outputs/tn_staging/models/rf_only_tstage_pred_oof_headneck_hu_realgeom_predmask_petaware/summary_rf_only_tstage.csv
pred_oof_headneck_hu_realgeom,baseline_plus_hu_geom,rf_leaf2,proba_weight_tuned,745,0.5702774116189222,0.5702774116189222,0.540406843126044,0.718562874251497,0.4874551971326165,0.3571428571428571,0.717948717948718,0.4745762711864407,0.5714285714285714,177,1.0,0.7,0.8999999999999999,1.2999999999999998,,,,outputs/tn_staging/models/rf_only_tstage_pred_oof_headneck_hu_realgeom/summary_rf_only_tstage.csv
pred_oof_headneck_hu_realgeom_predmask_petaware,baseline_plus_hu,rf_depth12_leaf1,tuned_posthoc_t3_to_t4,745,0.5697433267695968,0.5697433267695968,0.5435274226884794,0.6706586826347305,0.5161290322580645,0.3571428571428571,0.7350427350427351,0.4858757062146893,0.5850340136054422,177,,,,,,,,outputs/tn_staging/models/rf_only_tstage_pred_oof_headneck_hu_realgeom_predmask_petaware/summary_rf_only_tstage.csv
pred_oof_headneck_hu_realgeom,baseline,rf_depth12_leaf1,tuned_posthoc_t3_to_t4,745,0.5696894642712684,0.5696894642712684,0.5435561799082637,0.6766467065868264,0.5483870967741935,0.3186813186813186,0.7350427350427351,0.4858757062146893,0.5850340136054422,177,,,,,,,,outputs/tn_staging/models/rf_only_tstage_pred_oof_headneck_hu_realgeom/summary_rf_only_tstage.csv
pred_oof_headneck_hu_realgeom,baseline,rf_subsample_leaf2,tuned_posthoc_t3_to_t4,745,0.5686500389272264,0.5686500389272264,0.5404889676486035,0.6646706586826348,0.4982078853046595,0.3681318681318681,0.7435897435897436,0.4702702702702703,0.5761589403973509,185,,,,,,,,outputs/tn_staging/models/rf_only_tstage_pred_oof_headneck_hu_realgeom/summary_rf_only_tstage.csv
pred_oof_headneck_hu_realgeom_predmask_final,baseline_plus_hu,rf_subsample_leaf2,proba_weight_tuned,745,0.568519259484104,0.568519259484104,0.5153053661574862,0.8083832335329342,0.3942652329749104,0.3021978021978022,0.7692307692307693,0.4522613065326633,0.569620253164557,199,1.0,0.6,0.7,1.1,,,,outputs/tn_staging/models/rf_only_tstage_pred_oof_headneck_hu_realgeom_predmask_final/summary_rf_only_tstage.csv
pred_oof_headneck_hu_realgeom_predmask_petaware,baseline_plus_hu,rf_subsample_leaf2,tuned_posthoc_t3_to_t4,745,0.568151597077616,0.568151597077616,0.5353397571359341,0.6407185628742516,0.5268817204301075,0.3186813186813186,0.7863247863247863,0.4554455445544554,0.5768025078369906,202,,,,,,,,outputs/tn_staging/models/rf_only_tstage_pred_oof_headneck_hu_realgeom_predmask_petaware/summary_rf_only_tstage.csv
pred_oof_headneck_hu_realgeom_predmask_petaware,baseline_plus_hu_geom,rf_leaf1,proba_weight_tuned,745,0.5681441972488911,0.5681441972488911,0.5111278272262403,0.7904191616766467,0.4229390681003584,0.2472527472527472,0.811965811965812,0.4702970297029702,0.5956112852664577,202,1.0,0.5,0.6,1.1999999999999995,,,,outputs/tn_staging/models/rf_only_tstage_pred_oof_headneck_hu_realgeom_predmask_petaware/summary_rf_only_tstage.csv
pred_oof_headneck_hu_realgeom_predmask_final,baseline,rf_subsample_leaf2,tuned_posthoc_t3_to_t4,745,0.5678869131641007,0.5678869131641007,0.5403765483860739,0.6646706586826348,0.4982078853046595,0.3736263736263736,0.7350427350427351,0.4648648648648649,0.5695364238410596,185,,,,,,,,outputs/tn_staging/models/rf_only_tstage_pred_oof_headneck_hu_realgeom_predmask_final/summary_rf_only_tstage.csv
pred_oof_headneck_hu_realgeom_predmask_petaware,baseline,rf_subsample_leaf2,tuned_posthoc_t3_to_t4,745,0.5678869131641007,0.5678869131641007,0.5403765483860739,0.6646706586826348,0.4982078853046595,0.3736263736263736,0.7350427350427351,0.4648648648648649,0.5695364238410596,185,,,,,,,,outputs/tn_staging/models/rf_only_tstage_pred_oof_headneck_hu_realgeom_predmask_petaware/summary_rf_only_tstage.csv
pred_oof_headneck_hu_realgeom_predmask_petaware,baseline_plus_hu,rf_leaf2,ordinal_threshold_tuned,745,0.5670893236568337,0.5670893236568337,0.532643511520648,0.6646706586826348,0.4767025089605735,0.3406593406593406,0.7863247863247863,0.4791666666666667,0.5954692556634305,192,,,,,0.5999999999999999,0.3999999999999999,0.3,outputs/tn_staging/models/rf_only_tstage_pred_oof_headneck_hu_realgeom_predmask_petaware/summary_rf_only_tstage.csv
pred_oof_headneck_hu_realgeom_predmask_petaware,baseline_plus_hu,rf_depth12_leaf1,proba_weight_tuned,745,0.5668434488697189,0.5668434488697189,0.5424978134423473,0.6706586826347305,0.5161290322580645,0.3626373626373626,0.717948717948718,0.4883720930232558,0.5813148788927336,172,1.0,0.7,0.8999999999999999,1.2999999999999998,,,,outputs/tn_staging/models/rf_only_tstage_pred_oof_headneck_hu_realgeom_predmask_petaware/summary_rf_only_tstage.csv
pred_oof_headneck_hu_realgeom_predmask_final,baseline_plus_hu,rf_leaf2,ordinal_threshold_tuned,745,0.5663798540223111,0.5663798540223111,0.5197487793746028,0.7544910179640718,0.3870967741935484,0.3461538461538461,0.7777777777777778,0.4764397905759162,0.5909090909090909,191,,,,,0.6499999999999999,0.3999999999999999,0.3,outputs/tn_staging/models/rf_only_tstage_pred_oof_headneck_hu_realgeom_predmask_final/summary_rf_only_tstage.csv
pred_oof_headneck_hu_realgeom_predmask_petaware,baseline_plus_hu,rf_leaf2,tuned_posthoc_t3_to_t4,745,0.5660649633027458,0.5660649633027458,0.536200320992221,0.6586826347305389,0.5017921146953405,0.3516483516483517,0.7521367521367521,0.4631578947368421,0.5732899022801303,190,,,,,,,,outputs/tn_staging/models/rf_only_tstage_pred_oof_headneck_hu_realgeom_predmask_petaware/summary_rf_only_tstage.csv
pred_oof_headneck_hu_realgeom,baseline,rf_leaf1,tuned_posthoc_t3_to_t4,745,0.5659734825516166,0.5659734825516166,0.5433276387133491,0.7005988023952096,0.5089605734767025,0.3791208791208791,0.6752136752136753,0.49375,0.5703971119133574,160,,,,,,,,outputs/tn_staging/models/rf_only_tstage_pred_oof_headneck_hu_realgeom/summary_rf_only_tstage.csv
pred_oof_headneck_hu_realgeom,baseline_plus_hu,rf_leaf2,tuned_posthoc_t3_to_t4,745,0.565951725286282,0.565951725286282,0.5319007337528273,0.6586826347305389,0.4946236559139785,0.3241758241758242,0.7863247863247863,0.4646464646464646,0.5841269841269842,198,,,,,,,,outputs/tn_staging/models/rf_only_tstage_pred_oof_headneck_hu_realgeom/summary_rf_only_tstage.csv
pred_oof_headneck_hu_realgeom_predmask_final,baseline,rf_leaf1,tuned_posthoc_t3_to_t4,745,0.5658208573989915,0.5658208573989915,0.5447171029710345,0.7005988023952096,0.5089605734767025,0.3956043956043956,0.6581196581196581,0.4873417721518987,0.56,158,,,,,,,,outputs/tn_staging/models/rf_only_tstage_pred_oof_headneck_hu_realgeom_predmask_final/summary_rf_only_tstage.csv
pred_oof_headneck_hu_realgeom_predmask_petaware,baseline,rf_leaf1,tuned_posthoc_t3_to_t4,745,0.5658208573989915,0.5658208573989915,0.5447171029710345,0.7005988023952096,0.5089605734767025,0.3956043956043956,0.6581196581196581,0.4873417721518987,0.56,158,,,,,,,,outputs/tn_staging/models/rf_only_tstage_pred_oof_headneck_hu_realgeom_predmask_petaware/summary_rf_only_tstage.csv
pred_oof_headneck_hu_realgeom_predmask_final,baseline_plus_hu_geom,rf_leaf2,ordinal_threshold_tuned,745,0.5655561734854762,0.5655561734854762,0.5484751022730026,0.7245508982035929,0.4802867383512544,0.4505494505494505,0.6068376068376068,0.5298507462686567,0.5657370517928287,134,,,,,0.6499999999999999,0.4499999999999999,0.35,outputs/tn_staging/models/rf_only_tstage_pred_oof_headneck_hu_realgeom_predmask_final/summary_rf_only_tstage.csv
pred_oof_headneck_hu_realgeom_predmask_petaware,baseline_plus_hu_geom,rf_subsample_leaf2,proba_weight_tuned,745,0.5654612434117939,0.5654612434117939,0.5208409827662219,0.7964071856287425,0.4336917562724014,0.2967032967032967,0.7350427350427351,0.4725274725274725,0.5752508361204013,182,1.0,0.6,0.7,1.1,,,,outputs/tn_staging/models/rf_only_tstage_pred_oof_headneck_hu_realgeom_predmask_petaware/summary_rf_only_tstage.csv
pred_oof_headneck_hu_realgeom,baseline_plus_hu,rf_leaf2,proba_weight_tuned,745,0.5651885995231563,0.5651885995231563,0.5326910862260346,0.6586826347305389,0.4946236559139785,0.3296703296703296,0.7777777777777778,0.4715025906735751,0.5870967741935483,193,1.0,0.7999999999999999,1.0,1.4999999999999998,,,,outputs/tn_staging/models/rf_only_tstage_pred_oof_headneck_hu_realgeom/summary_rf_only_tstage.csv
pred_oof_headneck_hu_realgeom_predmask_petaware,baseline_plus_hu,rf_leaf2,proba_weight_tuned,745,0.5645387117764943,0.5645387117764943,0.537090872985941,0.6586826347305389,0.5017921146953405,0.3626373626373626,0.7350427350427351,0.4699453551912568,0.5733333333333334,183,1.0,0.7999999999999999,1.0,1.4,,,,outputs/tn_staging/models/rf_only_tstage_pred_oof_headneck_hu_realgeom_predmask_petaware/summary_rf_only_tstage.csv
pred_oof_headneck_hu_realgeom_predmask_petaware,baseline_plus_hu,rf_subsample_leaf2,proba_weight_tuned,745,0.5638780928041117,0.5638780928041117,0.5328017428603855,0.6407185628742516,0.5268817204301075,0.3186813186813186,0.7692307692307693,0.4568527918781725,0.5732484076433121,197,1.0,0.7999999999999999,1.0,1.4999999999999998,,,,outputs/tn_staging/models/rf_only_tstage_pred_oof_headneck_hu_realgeom_predmask_petaware/summary_rf_only_tstage.csv
pred_oof_headneck_hu_realgeom_predmask_final,baseline_plus_hu_geom,rf_depth12_leaf1,tuned_posthoc_t3_to_t4,745,0.5631582752019298,0.5631582752019298,0.5165211657114318,0.8203592814371258,0.3870967741935484,0.3186813186813186,0.7264957264957265,0.4970760233918128,0.5902777777777778,171,,,,,,,,outputs/tn_staging/models/rf_only_tstage_pred_oof_headneck_hu_realgeom_predmask_final/summary_rf_only_tstage.csv
pred_oof_headneck_hu_realgeom_predmask_final,baseline_plus_hu_geom,rf_leaf1,tuned_posthoc_t3_to_t4,745,0.5628521404549992,0.5628521404549992,0.5091483173576995,0.8023952095808383,0.3476702508960573,0.3406593406593406,0.7606837606837606,0.4564102564102564,0.5705128205128205,195,,,,,,,,outputs/tn_staging/models/rf_only_tstage_pred_oof_headneck_hu_realgeom_predmask_final/summary_rf_only_tstage.csv
pred_oof_headneck_hu_realgeom_predmask_petaware,baseline_plus_hu_geom,rf_leaf2,tuned_posthoc_t3_to_t4,745,0.5614570516299316,0.5614570516299316,0.5143014434291838,0.7664670658682635,0.3835125448028674,0.3351648351648351,0.7606837606837606,0.4734042553191489,0.5836065573770491,188,,,,,,,,outputs/tn_staging/models/rf_only_tstage_pred_oof_headneck_hu_realgeom_predmask_petaware/summary_rf_only_tstage.csv
pred_oof_headneck_hu_realgeom,baseline,rf_leaf2,tuned_posthoc_t3_to_t4,745,0.5614445515208505,0.5614445515208505,0.518551571116482,0.7125748502994012,0.4336917562724014,0.3131868131868132,0.7863247863247863,0.4577114427860697,0.5786163522012578,201,,,,,,,,outputs/tn_staging/models/rf_only_tstage_pred_oof_headneck_hu_realgeom/summary_rf_only_tstage.csv
pred_oof_headneck_hu_realgeom_predmask_final,baseline_plus_hu_geom,rf_leaf1,proba_weight_tuned,745,0.5613258889287478,0.5613258889287478,0.5102532431336779,0.8023952095808383,0.3476702508960573,0.3516483516483517,0.7435897435897436,0.46524064171123,0.5723684210526315,187,1.0,0.5,0.7999999999999999,1.4,,,,outputs/tn_staging/models/rf_only_tstage_pred_oof_headneck_hu_realgeom_predmask_final/summary_rf_only_tstage.csv
pred_oof_headneck_hu_realgeom,baseline_plus_hu_geom,rf_depth12_leaf1,tuned_posthoc_t3_to_t4,745,0.5606495268944564,0.5606495268944564,0.5439623623025112,0.6646706586826348,0.5376344086021505,0.3736263736263736,0.6666666666666666,0.5064935064935064,0.5756457564575646,154,,,,,,,,outputs/tn_staging/models/rf_only_tstage_pred_oof_headneck_hu_realgeom/summary_rf_only_tstage.csv
pred_oof_headneck_hu_realgeom,baseline,rf_subsample_leaf2,proba_weight_tuned,745,0.5604082806854682,0.5604082806854682,0.5409082813225595,0.6646706586826348,0.4982078853046595,0.412087912087912,0.6666666666666666,0.4814814814814814,0.5591397849462365,162,1.0,0.7999999999999999,1.1,1.4,,,,outputs/tn_staging/models/rf_only_tstage_pred_oof_headneck_hu_realgeom/summary_rf_only_tstage.csv
pred_oof_headneck_hu_realgeom_predmask_final,baseline,rf_subsample_leaf2,proba_weight_tuned,745,0.5604082806854682,0.5604082806854682,0.5409082813225595,0.6646706586826348,0.4982078853046595,0.412087912087912,0.6666666666666666,0.4814814814814814,0.5591397849462365,162,1.0,0.7999999999999999,1.1,1.4,,,,outputs/tn_staging/models/rf_only_tstage_pred_oof_headneck_hu_realgeom_predmask_final/summary_rf_only_tstage.csv
pred_oof_headneck_hu_realgeom_predmask_petaware,baseline,rf_subsample_leaf2,proba_weight_tuned,745,0.5604082806854682,0.5604082806854682,0.5409082813225595,0.6646706586826348,0.4982078853046595,0.412087912087912,0.6666666666666666,0.4814814814814814,0.5591397849462365,162,1.0,0.7999999999999999,1.1,1.4,,,,outputs/tn_staging/models/rf_only_tstage_pred_oof_headneck_hu_realgeom_predmask_petaware/summary_rf_only_tstage.csv
pred_oof_headneck_hu_realgeom_predmask_final,baseline,rf_leaf2,tuned_posthoc_t3_to_t4,745,0.559918299994599,0.559918299994599,0.5189644518921226,0.7125748502994012,0.4336917562724014,0.3241758241758242,0.7692307692307693,0.4522613065326633,0.569620253164557,199,,,,,,,,outputs/tn_staging/models/rf_only_tstage_pred_oof_headneck_hu_realgeom_predmask_final/summary_rf_only_tstage.csv
pred_oof_headneck_hu_realgeom_predmask_petaware,baseline,rf_leaf2,tuned_posthoc_t3_to_t4,745,0.559918299994599,0.559918299994599,0.5189644518921226,0.7125748502994012,0.4336917562724014,0.3241758241758242,0.7692307692307693,0.4522613065326633,0.569620253164557,199,,,,,,,,outputs/tn_staging/models/rf_only_tstage_pred_oof_headneck_hu_realgeom_predmask_petaware/summary_rf_only_tstage.csv
pred_oof_headneck_hu_realgeom,baseline_plus_hu_geom,rf_depth12_leaf1,proba_weight_tuned,745,0.5597337759787054,0.5597337759787054,0.5461346459293177,0.6646706586826348,0.5376344086021505,0.3956043956043956,0.6410256410256411,0.5136986301369864,0.5703422053231939,146,1.0,0.7,0.8999999999999999,1.1999999999999995,,,,outputs/tn_staging/models/rf_only_tstage_pred_oof_headneck_hu_realgeom/summary_rf_only_tstage.csv
pred_oof_headneck_hu_realgeom_predmask_final,baseline_plus_hu_geom,rf_leaf2,tuned_posthoc_t3_to_t4,745,0.5595721884837203,0.5595721884837203,0.5252069588997851,0.6826347305389222,0.5232974910394266,0.2802197802197802,0.7521367521367521,0.4680851063829787,0.5770491803278689,188,,,,,,,,outputs/tn_staging/models/rf_only_tstage_pred_oof_headneck_hu_realgeom_predmask_final/summary_rf_only_tstage.csv
pred_oof_headneck_hu_realgeom,baseline,rf_depth12_leaf1,proba_weight_tuned,745,0.559310953892758,0.559310953892758,0.5430310501931617,0.6766467065868264,0.5483870967741935,0.3626373626373626,0.6495726495726496,0.4935064935064935,0.5608856088560885,154,1.0,0.7,0.8999999999999999,1.1999999999999995,,,,outputs/tn_staging/models/rf_only_tstage_pred_oof_headneck_hu_realgeom/summary_rf_only_tstage.csv
pred_oof_headneck_hu_realgeom_predmask_final,baseline,rf_depth12_leaf1,proba_weight_tuned,745,0.559310953892758,0.559310953892758,0.5430310501931617,0.6766467065868264,0.5483870967741935,0.3626373626373626,0.6495726495726496,0.4935064935064935,0.5608856088560885,154,1.0,0.7,0.8999999999999999,1.1999999999999995,,,,outputs/tn_staging/models/rf_only_tstage_pred_oof_headneck_hu_realgeom_predmask_final/summary_rf_only_tstage.csv
pred_oof_headneck_hu_realgeom_predmask_petaware,baseline,rf_depth12_leaf1,proba_weight_tuned,745,0.559310953892758,0.559310953892758,0.5430310501931617,0.6766467065868264,0.5483870967741935,0.3626373626373626,0.6495726495726496,0.4935064935064935,0.5608856088560885,154,1.0,0.7,0.8999999999999999,1.1999999999999995,,,,outputs/tn_staging/models/rf_only_tstage_pred_oof_headneck_hu_realgeom_predmask_petaware/summary_rf_only_tstage.csv
pred_oof_headneck_hu_realgeom_predmask_final,baseline_plus_hu_geom,rf_depth12_leaf1,proba_weight_tuned,745,0.5581216451652997,0.5581216451652997,0.5140509384212982,0.8203592814371258,0.3870967741935484,0.3241758241758242,0.7008547008547008,0.4969696969696969,0.5815602836879432,165,1.0,0.5,0.6,0.8999999999999999,,,,outputs/tn_staging/models/rf_only_tstage_pred_oof_headneck_hu_realgeom_predmask_final/summary_rf_only_tstage.csv
pred_oof_headneck_hu_realgeom,baseline,rf_leaf1,proba_weight_tuned,745,0.5569685985467326,0.5569685985467326,0.5426515901219018,0.7005988023952096,0.5089605734767025,0.4285714285714285,0.5897435897435898,0.5073529411764706,0.5454545454545454,136,1.0,0.6,0.7999999999999999,1.0,,,,outputs/tn_staging/models/rf_only_tstage_pred_oof_headneck_hu_realgeom/summary_rf_only_tstage.csv
pred_oof_headneck_hu_realgeom_predmask_final,baseline,rf_leaf1,proba_weight_tuned,745,0.5569685985467326,0.5569685985467326,0.5426515901219018,0.7005988023952096,0.5089605734767025,0.4285714285714285,0.5897435897435898,0.5073529411764706,0.5454545454545454,136,1.0,0.6,0.7999999999999999,1.0,,,,outputs/tn_staging/models/rf_only_tstage_pred_oof_headneck_hu_realgeom_predmask_final/summary_rf_only_tstage.csv
pred_oof_headneck_hu_realgeom_predmask_petaware,baseline,rf_leaf1,proba_weight_tuned,745,0.5569685985467326,0.5569685985467326,0.5426515901219018,0.7005988023952096,0.5089605734767025,0.4285714285714285,0.5897435897435898,0.5073529411764706,0.5454545454545454,136,1.0,0.6,0.7999999999999999,1.0,,,,outputs/tn_staging/models/rf_only_tstage_pred_oof_headneck_hu_realgeom_predmask_petaware/summary_rf_only_tstage.csv
pred_oof_headneck_hu_realgeom_predmask_final,baseline_plus_hu_geom,rf_subsample_leaf2,tuned_posthoc_t3_to_t4,745,0.5564293839356618,0.5564293839356618,0.5099499007285322,0.7485029940119761,0.3978494623655914,0.3186813186813186,0.7606837606837606,0.4587628865979381,0.572347266881029,194,,,,,,,,outputs/tn_staging/models/rf_only_tstage_pred_oof_headneck_hu_realgeom_predmask_final/summary_rf_only_tstage.csv
pred_oof_headneck_hu_realgeom_predmask_petaware,baseline_plus_hu_geom,rf_leaf2,proba_weight_tuned,745,0.5564204215933016,0.5564204215933016,0.5120634370302912,0.7664670658682635,0.3835125448028674,0.3406593406593406,0.7350427350427351,0.4751381215469613,0.5771812080536913,181,1.0,0.6,0.7999999999999999,1.1999999999999995,,,,outputs/tn_staging/models/rf_only_tstage_pred_oof_headneck_hu_realgeom_predmask_petaware/summary_rf_only_tstage.csv
pred_oof_headneck_hu_realgeom_predmask_final,baseline_plus_hu_geom,rf_leaf2,proba_weight_tuned,745,0.5559091848207166,0.5559091848207166,0.5248179509175623,0.6826347305389222,0.5232974910394266,0.2912087912087912,0.7264957264957265,0.4696132596685083,0.5704697986577181,181,1.0,0.7,0.7999999999999999,1.1999999999999995,,,,outputs/tn_staging/models/rf_only_tstage_pred_oof_headneck_hu_realgeom_predmask_final/summary_rf_only_tstage.csv
pred_oof_headneck_hu_realgeom_predmask_final,baseline_plus_hu,rf_leaf2,tuned_posthoc_t3_to_t4,745,0.555876489959936,0.555876489959936,0.5270453313266152,0.718562874251497,0.4695340501792114,0.3516483516483517,0.6837606837606838,0.4848484848484848,0.5673758865248227,165,,,,,,,,outputs/tn_staging/models/rf_only_tstage_pred_oof_headneck_hu_realgeom_predmask_final/summary_rf_only_tstage.csv
pred_oof_headneck_hu_realgeom_predmask_final,baseline_plus_hu,rf_leaf2,proba_weight_tuned,745,0.5557238648073108,0.5557238648073108,0.5296605235546648,0.718562874251497,0.4695340501792114,0.3681318681318681,0.6666666666666666,0.4968152866242038,0.5693430656934306,157,1.0,0.7,0.7999999999999999,1.0,,,,outputs/tn_staging/models/rf_only_tstage_pred_oof_headneck_hu_realgeom_predmask_final/summary_rf_only_tstage.csv
pred_oof_headneck_hu_realgeom_predmask_petaware,baseline_plus_hu_geom,rf_depth12_leaf1,tuned_posthoc_t3_to_t4,745,0.5549650728084183,0.5549650728084183,0.5077471816727845,0.7065868263473054,0.4516129032258064,0.2582417582417582,0.8034188034188035,0.4607843137254901,0.5856697819314641,204,,,,,,,,outputs/tn_staging/models/rf_only_tstage_pred_oof_headneck_hu_realgeom_predmask_petaware/summary_rf_only_tstage.csv
pred_oof_headneck_hu_realgeom,baseline,rf_leaf2,proba_weight_tuned,745,0.5547290448053438,0.5547290448053438,0.5196355849137355,0.7125748502994012,0.4336917562724014,0.3461538461538461,0.7264957264957265,0.4644808743169399,0.5666666666666667,183,1.0,0.7,0.8999999999999999,1.1999999999999995,,,,outputs/tn_staging/models/rf_only_tstage_pred_oof_headneck_hu_realgeom/summary_rf_only_tstage.csv
pred_oof_headneck_hu_realgeom_predmask_final,baseline,rf_leaf2,proba_weight_tuned,745,0.5547290448053438,0.5547290448053438,0.5196355849137355,0.7125748502994012,0.4336917562724014,0.3461538461538461,0.7264957264957265,0.4644808743169399,0.5666666666666667,183,1.0,0.7,0.8999999999999999,1.1999999999999995,,,,outputs/tn_staging/models/rf_only_tstage_pred_oof_headneck_hu_realgeom_predmask_final/summary_rf_only_tstage.csv
pred_oof_headneck_hu_realgeom_predmask_petaware,baseline,rf_leaf2,proba_weight_tuned,745,0.5547290448053438,0.5547290448053438,0.5196355849137355,0.7125748502994012,0.4336917562724014,0.3461538461538461,0.7264957264957265,0.4644808743169399,0.5666666666666667,183,1.0,0.7,0.8999999999999999,1.1999999999999995,,,,outputs/tn_staging/models/rf_only_tstage_pred_oof_headneck_hu_realgeom_predmask_petaware/summary_rf_only_tstage.csv
pred_oof_headneck_hu_realgeom_predmask_petaware,baseline_plus_hu_geom,rf_depth12_leaf1,proba_weight_tuned,745,0.5520651949085404,0.5520651949085404,0.5070186171095055,0.7065868263473054,0.4516129032258064,0.2637362637362637,0.7863247863247863,0.46,0.580441640378549,200,1.0,0.6,0.7999999999999999,1.4999999999999998,,,,outputs/tn_staging/models/rf_only_tstage_pred_oof_headneck_hu_realgeom_predmask_petaware/summary_rf_only_tstage.csv
pred_oof_headneck_hu_realgeom_predmask_final,baseline_plus_hu_geom,rf_subsample_leaf2,proba_weight_tuned,745,0.5513927538990318,0.5513927538990318,0.5075994212786477,0.7485029940119761,0.3978494623655914,0.3241758241758242,0.7350427350427351,0.4574468085106383,0.5639344262295082,188,1.0,0.6,0.7999999999999999,1.1999999999999995,,,,outputs/tn_staging/models/rf_only_tstage_pred_oof_headneck_hu_realgeom_predmask_final/summary_rf_only_tstage.csv
pred_oof_headneck_hu_realgeom_predmask_petaware,baseline_plus_hu,rf_subsample_leaf2,raw_posthoc_t3_to_t4,745,0.5332588397587432,0.5332588397587432,0.5323155710448895,0.5269461077844312,0.6451612903225806,0.3626373626373626,0.5982905982905983,0.5147058823529411,0.5533596837944664,136,,,,,,,,outputs/tn_staging/models/rf_only_tstage_pred_oof_headneck_hu_realgeom_predmask_petaware/summary_rf_only_tstage.csv
pred_oof_headneck_hu_realgeom_predmask_final,baseline_plus_hu,rf_subsample_leaf2,raw_posthoc_t3_to_t4,745,0.5321064712121308,0.5321064712121308,0.5306732915121755,0.5209580838323353,0.6379928315412187,0.3626373626373626,0.6068376068376068,0.5144927536231884,0.5568627450980392,138,,,,,,,,outputs/tn_staging/models/rf_only_tstage_pred_oof_headneck_hu_realgeom_predmask_final/summary_rf_only_tstage.csv
pred_oof_headneck_hu_realgeom,baseline_plus_hu,rf_subsample_leaf2,raw_posthoc_t3_to_t4,745,0.5315501279138521,0.5315501279138521,0.5331542566485545,0.5209580838323353,0.6559139784946236,0.3681318681318681,0.5811965811965812,0.5354330708661418,0.5573770491803278,127,,,,,,,,outputs/tn_staging/models/rf_only_tstage_pred_oof_headneck_hu_realgeom/summary_rf_only_tstage.csv
pred_oof_headneck_hu_realgeom_predmask_final,baseline_plus_hu,rf_subsample_leaf2,raw,745,0.528290842396502,0.528290842396502,0.5317843697087994,0.5209580838323353,0.6379928315412187,0.3901098901098901,0.5641025641025641,0.5365853658536586,0.55,123,,,,,,,,outputs/tn_staging/models/rf_only_tstage_pred_oof_headneck_hu_realgeom_predmask_final/summary_rf_only_tstage.csv
pred_oof_headneck_hu_realgeom,baseline_plus_hu_geom,rf_leaf2,raw_posthoc_t3_to_t4,745,0.5276588793345602,0.5276588793345602,0.5329884682153192,0.4850299401197604,0.6738351254480287,0.3791208791208791,0.5726495726495726,0.5537190082644629,0.5630252100840336,121,,,,,,,,outputs/tn_staging/models/rf_only_tstage_pred_oof_headneck_hu_realgeom/summary_rf_only_tstage.csv
pred_oof_headneck_hu_realgeom,baseline_plus_hu,rf_leaf2,raw_posthoc_t3_to_t4,745,0.5261833357979775,0.5261833357979775,0.5278214533309216,0.5149700598802395,0.6379928315412187,0.3791208791208791,0.5726495726495726,0.5275590551181102,0.5491803278688525,127,,,,,,,,outputs/tn_staging/models/rf_only_tstage_pred_oof_headneck_hu_realgeom/summary_rf_only_tstage.csv
pred_oof_headneck_hu_realgeom,baseline_plus_hu_geom,rf_leaf2,raw,745,0.5259800026556836,0.5259800026556836,0.5349669394863533,0.4850299401197604,0.6738351254480287,0.4065934065934066,0.5384615384615384,0.5727272727272728,0.5550660792951542,110,,,,,,,,outputs/tn_staging/models/rf_only_tstage_pred_oof_headneck_hu_realgeom/summary_rf_only_tstage.csv
pred_oof_headneck_hu_realgeom_predmask_petaware,baseline_plus_hu,rf_depth12_leaf1,raw_posthoc_t3_to_t4,745,0.5259298842938016,0.5259298842938016,0.53326302370935,0.467065868263473,0.6989247311827957,0.3736263736263736,0.5641025641025641,0.5689655172413793,0.5665236051502146,116,,,,,,,,outputs/tn_staging/models/rf_only_tstage_pred_oof_headneck_hu_realgeom_predmask_petaware/summary_rf_only_tstage.csv
pred_oof_headneck_hu_realgeom_predmask_petaware,baseline_plus_hu,rf_subsample_leaf2,raw,745,0.52516970666961,0.52516970666961,0.5293758930264404,0.5269461077844312,0.6451612903225806,0.3901098901098901,0.5384615384615384,0.525,0.5316455696202531,120,,,,,,,,outputs/tn_staging/models/rf_only_tstage_pred_oof_headneck_hu_realgeom_predmask_petaware/summary_rf_only_tstage.csv
pred_oof_headneck_hu_realgeom,baseline_plus_hu,rf_subsample_leaf2,raw,745,0.5249872463509705,0.5249872463509705,0.5298097986350998,0.5209580838323353,0.6559139784946236,0.3846153846153846,0.5384615384615384,0.5384615384615384,0.5384615384615384,117,,,,,,,,outputs/tn_staging/models/rf_only_tstage_pred_oof_headneck_hu_realgeom/summary_rf_only_tstage.csv
pred_oof_headneck_hu_realgeom,baseline_plus_hu_geom,rf_subsample_leaf2,raw,745,0.5233847854332692,0.5233847854332692,0.5340497216225489,0.4730538922155688,0.6845878136200717,0.4230769230769231,0.5128205128205128,0.5769230769230769,0.5429864253393665,104,,,,,,,,outputs/tn_staging/models/rf_only_tstage_pred_oof_headneck_hu_realgeom/summary_rf_only_tstage.csv
pred_oof_headneck_hu_realgeom,baseline_plus_hu,rf_leaf2,raw,745,0.521757206371848,0.521757206371848,0.526450596392411,0.5149700598802395,0.6379928315412187,0.3956043956043956,0.5384615384615384,0.5384615384615384,0.5384615384615384,117,,,,,,,,outputs/tn_staging/models/rf_only_tstage_pred_oof_headneck_hu_realgeom/summary_rf_only_tstage.csv
pred_oof_headneck_hu_realgeom,baseline_plus_hu_geom,rf_subsample_leaf2,raw_posthoc_t3_to_t4,745,0.5215532836017672,0.5215532836017672,0.5284896179324928,0.4730538922155688,0.6845878136200717,0.3901098901098901,0.5384615384615384,0.5431034482758621,0.5407725321888412,116,,,,,,,,outputs/tn_staging/models/rf_only_tstage_pred_oof_headneck_hu_realgeom/summary_rf_only_tstage.csv
pred_oof_headneck_hu_realgeom_predmask_final,baseline_plus_hu,rf_depth12_leaf1,raw_posthoc_t3_to_t4,745,0.5206363534304427,0.5206363534304427,0.5262489331129149,0.4491017964071856,0.7060931899641577,0.3461538461538461,0.5811965811965812,0.5666666666666667,0.5738396624472574,120,,,,,,,,outputs/tn_staging/models/rf_only_tstage_pred_oof_headneck_hu_realgeom_predmask_final/summary_rf_only_tstage.csv
pred_oof_headneck_hu_realgeom,baseline,rf_leaf2,raw_posthoc_t3_to_t4,745,0.5189013441862582,0.5189013441862582,0.5135829468663957,0.5089820359281437,0.6630824372759857,0.2967032967032967,0.6068376068376068,0.4896551724137931,0.5419847328244275,145,,,,,,,,outputs/tn_staging/models/rf_only_tstage_pred_oof_headneck_hu_realgeom/summary_rf_only_tstage.csv
pred_oof_headneck_hu_realgeom,baseline_plus_hu_geom,rf_depth12_leaf1,raw_posthoc_t3_to_t4,745,0.5186128393101543,0.5186128393101543,0.5271328197250925,0.4491017964071856,0.7132616487455197,0.3736263736263736,0.5384615384615384,0.5575221238938053,0.5478260869565217,113,,,,,,,,outputs/tn_staging/models/rf_only_tstage_pred_oof_headneck_hu_realgeom/summary_rf_only_tstage.csv
pred_oof_headneck_hu_realgeom_predmask_petaware,baseline_plus_hu,rf_leaf2,raw_posthoc_t3_to_t4,745,0.5176649831614096,0.5176649831614096,0.5167705755130475,0.497005988023952,0.6487455197132617,0.3351648351648351,0.5897435897435898,0.5149253731343284,0.549800796812749,134,,,,,,,,outputs/tn_staging/models/rf_only_tstage_pred_oof_headneck_hu_realgeom_predmask_petaware/summary_rf_only_tstage.csv
pred_oof_headneck_hu_realgeom_predmask_final,baseline,rf_leaf2,raw_posthoc_t3_to_t4,745,0.5173750926600067,0.5173750926600067,0.5136857539476891,0.5089820359281437,0.6630824372759857,0.3076923076923077,0.5897435897435898,0.4859154929577465,0.5328185328185329,142,,,,,,,,outputs/tn_staging/models/rf_only_tstage_pred_oof_headneck_hu_realgeom_predmask_final/summary_rf_only_tstage.csv
pred_oof_headneck_hu_realgeom_predmask_petaware,baseline,rf_leaf2,raw_posthoc_t3_to_t4,745,0.5173750926600067,0.5173750926600067,0.5136857539476891,0.5089820359281437,0.6630824372759857,0.3076923076923077,0.5897435897435898,0.4859154929577465,0.5328185328185329,142,,,,,,,,outputs/tn_staging/models/rf_only_tstage_pred_oof_headneck_hu_realgeom_predmask_petaware/summary_rf_only_tstage.csv
pred_oof_headneck_hu_realgeom_predmask_final,baseline,rf_subsample_leaf2,raw_posthoc_t3_to_t4,745,0.5171874141354535,0.5171874141354535,0.5151969049864309,0.497005988023952,0.6523297491039427,0.3296703296703296,0.5897435897435898,0.5,0.5411764705882353,138,,,,,,,,outputs/tn_staging/models/rf_only_tstage_pred_oof_headneck_hu_realgeom_predmask_final/summary_rf_only_tstage.csv
pred_oof_headneck_hu_realgeom_predmask_petaware,baseline,rf_subsample_leaf2,raw_posthoc_t3_to_t4,745,0.5171874141354535,0.5171874141354535,0.5151969049864309,0.497005988023952,0.6523297491039427,0.3296703296703296,0.5897435897435898,0.5,0.5411764705882353,138,,,,,,,,outputs/tn_staging/models/rf_only_tstage_pred_oof_headneck_hu_realgeom_predmask_petaware/summary_rf_only_tstage.csv
pred_oof_headneck_hu_realgeom,baseline_plus_hu_geom,rf_depth12_leaf1,raw,745,0.5167813374786525,0.5167813374786525,0.5302080841755297,0.4491017964071856,0.7132616487455197,0.4175824175824176,0.4871794871794871,0.5876288659793815,0.5327102803738317,97,,,,,,,,outputs/tn_staging/models/rf_only_tstage_pred_oof_headneck_hu_realgeom/summary_rf_only_tstage.csv
pred_oof_headneck_hu_realgeom_predmask_petaware,baseline_plus_hu,rf_depth12_leaf1,raw,745,0.5164671248310422,0.5164671248310422,0.528143092453625,0.467065868263473,0.6989247311827957,0.3956043956043956,0.5042735042735043,0.5841584158415841,0.5412844036697247,101,,,,,,,,outputs/tn_staging/models/rf_only_tstage_pred_oof_headneck_hu_realgeom_predmask_petaware/summary_rf_only_tstage.csv
pred_oof_headneck_hu_realgeom_predmask_petaware,baseline_plus_hu_geom,rf_leaf2,raw_posthoc_t3_to_t4,745,0.5154036721546862,0.5154036721546862,0.5182739093207938,0.467065868263473,0.6702508960573477,0.3516483516483517,0.5726495726495726,0.5275590551181102,0.5491803278688525,127,,,,,,,,outputs/tn_staging/models/rf_only_tstage_pred_oof_headneck_hu_realgeom_predmask_petaware/summary_rf_only_tstage.csv
pred_oof_headneck_hu_realgeom,baseline,rf_subsample_leaf2,raw_posthoc_t3_to_t4,745,0.5152032871513266,0.5152032871513266,0.5118360553481093,0.497005988023952,0.6523297491039427,0.3131868131868132,0.5982905982905983,0.5,0.5447470817120622,140,,,,,,,,outputs/tn_staging/models/rf_only_tstage_pred_oof_headneck_hu_realgeom/summary_rf_only_tstage.csv
pred_oof_headneck_hu_realgeom_predmask_final,baseline_plus_hu,rf_leaf1,raw_posthoc_t3_to_t4,745,0.5144716769934077,0.5144716769934077,0.5217533712386004,0.437125748502994,0.7275985663082437,0.3461538461538461,0.5470085470085471,0.5470085470085471,0.5470085470085471,117,,,,,,,,outputs/tn_staging/models/rf_only_tstage_pred_oof_headneck_hu_realgeom_predmask_final/summary_rf_only_tstage.csv
pred_oof_headneck_hu_realgeom,baseline,rf_depth12_leaf1,raw_posthoc_t3_to_t4,745,0.5129466047227299,0.5129466047227299,0.5163599556195095,0.4610778443113772,0.7060931899641577,0.3461538461538461,0.5384615384615384,0.5080645161290323,0.5228215767634855,124,,,,,,,,outputs/tn_staging/models/rf_only_tstage_pred_oof_headneck_hu_realgeom/summary_rf_only_tstage.csv
pred_oof_headneck_hu_realgeom,baseline_plus_hu,rf_depth12_leaf1,raw_posthoc_t3_to_t4,745,0.5108689332902198,0.5108689332902198,0.5170975302388303,0.4610778443113772,0.6953405017921147,0.3571428571428571,0.5299145299145299,0.5299145299145299,0.5299145299145299,117,,,,,,,,outputs/tn_staging/models/rf_only_tstage_pred_oof_headneck_hu_realgeom/summary_rf_only_tstage.csv
pred_oof_headneck_hu_realgeom_predmask_final,baseline_plus_hu,rf_leaf2,raw_posthoc_t3_to_t4,745,0.5108362384294391,0.5108362384294391,0.5103973995544473,0.497005988023952,0.6415770609318996,0.3406593406593406,0.5641025641025641,0.4962406015037593,0.528,133,,,,,,,,outputs/tn_staging/models/rf_only_tstage_pred_oof_headneck_hu_realgeom_predmask_final/summary_rf_only_tstage.csv
pred_oof_headneck_hu_realgeom_predmask_final,baseline_plus_hu,rf_depth12_leaf1,raw,745,0.5104104682045574,0.5104104682045574,0.5215250168166622,0.4491017964071856,0.7060931899641577,0.3736263736263736,0.5128205128205128,0.5825242718446602,0.5454545454545454,103,,,,,,,,outputs/tn_staging/models/rf_only_tstage_pred_oof_headneck_hu_realgeom_predmask_final/summary_rf_only_tstage.csv
pred_oof_headneck_hu_realgeom_predmask_final,baseline,rf_depth12_leaf1,raw_posthoc_t3_to_t4,745,0.510046726822852,0.510046726822852,0.5140097451516664,0.4610778443113772,0.7060931899641577,0.3516483516483517,0.5213675213675214,0.4959349593495935,0.5083333333333333,123,,,,,,,,outputs/tn_staging/models/rf_only_tstage_pred_oof_headneck_hu_realgeom_predmask_final/summary_rf_only_tstage.csv
pred_oof_headneck_hu_realgeom_predmask_petaware,baseline,rf_depth12_leaf1,raw_posthoc_t3_to_t4,745,0.510046726822852,0.510046726822852,0.5140097451516664,0.4610778443113772,0.7060931899641577,0.3516483516483517,0.5213675213675214,0.4959349593495935,0.5083333333333333,123,,,,,,,,outputs/tn_staging/models/rf_only_tstage_pred_oof_headneck_hu_realgeom_predmask_petaware/summary_rf_only_tstage.csv
pred_oof_headneck_hu_realgeom_predmask_petaware,baseline_plus_hu,rf_leaf2,raw,745,0.5095758500722766,0.5095758500722766,0.5143465498998636,0.497005988023952,0.6487455197132617,0.3626373626373626,0.5299145299145299,0.5299145299145299,0.5299145299145299,117,,,,,,,,outputs/tn_staging/models/rf_only_tstage_pred_oof_headneck_hu_realgeom_predmask_petaware/summary_rf_only_tstage.csv
pred_oof_headneck_hu_realgeom_predmask_final,baseline_plus_hu,rf_leaf1,raw,745,0.5092824218041525,0.5092824218041525,0.5205942854773459,0.437125748502994,0.7275985663082437,0.3681318681318681,0.5042735042735043,0.5673076923076923,0.5339366515837104,104,,,,,,,,outputs/tn_staging/models/rf_only_tstage_pred_oof_headneck_hu_realgeom_predmask_final/summary_rf_only_tstage.csv
pred_oof_headneck_hu_realgeom,baseline_plus_hu,rf_leaf1,raw_posthoc_t3_to_t4,745,0.5081337973939867,0.5081337973939867,0.5162428119388864,0.4071856287425149,0.7132616487455197,0.3736263736263736,0.5384615384615384,0.5675675675675675,0.5526315789473685,111,,,,,,,,outputs/tn_staging/models/rf_only_tstage_pred_oof_headneck_hu_realgeom/summary_rf_only_tstage.csv
pred_oof_headneck_hu_realgeom_predmask_final,baseline_plus_hu_geom,rf_leaf2,raw_posthoc_t3_to_t4,745,0.5068699597142712,0.5068699597142712,0.5090754313163287,0.437125748502994,0.6666666666666666,0.3681318681318681,0.5555555555555556,0.5078125,0.5306122448979592,128,,,,,,,,outputs/tn_staging/models/rf_only_tstage_pred_oof_headneck_hu_realgeom_predmask_final/summary_rf_only_tstage.csv
pred_oof_headneck_hu_realgeom,baseline,rf_leaf2,raw,745,0.5063860816709957,0.5063860816709957,0.5100723263721636,0.5089820359281437,0.6630824372759857,0.3406593406593406,0.5128205128205128,0.5,0.5063291139240507,120,,,,,,,,outputs/tn_staging/models/rf_only_tstage_pred_oof_headneck_hu_realgeom/summary_rf_only_tstage.csv
pred_oof_headneck_hu_realgeom_predmask_final,baseline,rf_leaf2,raw,745,0.5063860816709957,0.5063860816709957,0.5100723263721636,0.5089820359281437,0.6630824372759857,0.3406593406593406,0.5128205128205128,0.5,0.5063291139240507,120,,,,,,,,outputs/tn_staging/models/rf_only_tstage_pred_oof_headneck_hu_realgeom_predmask_final/summary_rf_only_tstage.csv
pred_oof_headneck_hu_realgeom_predmask_petaware,baseline,rf_leaf2,raw,745,0.5063860816709957,0.5063860816709957,0.5100723263721636,0.5089820359281437,0.6630824372759857,0.3406593406593406,0.5128205128205128,0.5,0.5063291139240507,120,,,,,,,,outputs/tn_staging/models/rf_only_tstage_pred_oof_headneck_hu_realgeom_predmask_petaware/summary_rf_only_tstage.csv
pred_oof_headneck_hu_realgeom_predmask_petaware,baseline_plus_hu_geom,rf_subsample_leaf2,raw_posthoc_t3_to_t4,745,0.5062099303696754,0.5062099303696754,0.5094490009104099,0.4311377245508982,0.6810035842293907,0.3571428571428571,0.5555555555555556,0.5158730158730159,0.5349794238683128,126,,,,,,,,outputs/tn_staging/models/rf_only_tstage_pred_oof_headneck_hu_realgeom_predmask_petaware/summary_rf_only_tstage.csv
pred_oof_headneck_hu_realgeom_predmask_final,baseline_plus_hu_geom,rf_subsample_leaf2,raw_posthoc_t3_to_t4,745,0.5059339256026526,0.5059339256026526,0.5099079625636129,0.4251497005988024,0.6810035842293907,0.3791208791208791,0.5384615384615384,0.5080645161290323,0.5228215767634855,124,,,,,,,,outputs/tn_staging/models/rf_only_tstage_pred_oof_headneck_hu_realgeom_predmask_final/summary_rf_only_tstage.csv
pred_oof_headneck_hu_realgeom_predmask_final,baseline_plus_hu,rf_leaf2,raw,745,0.5041207317139325,0.5041207317139325,0.5092587714291568,0.497005988023952,0.6415770609318996,0.3736263736263736,0.5042735042735043,0.5130434782608696,0.5086206896551724,115,,,,,,,,outputs/tn_staging/models/rf_only_tstage_pred_oof_headneck_hu_realgeom_predmask_final/summary_rf_only_tstage.csv
pred_oof_headneck_hu_realgeom_predmask_petaware,baseline_plus_hu_geom,rf_leaf2,raw,745,0.5038041605551746,0.5038041605551746,0.5117983809859672,0.467065868263473,0.6702508960573477,0.3736263736263736,0.5042735042735043,0.5363636363636364,0.5198237885462555,110,,,,,,,,outputs/tn_staging/models/rf_only_tstage_pred_oof_headneck_hu_realgeom_predmask_petaware/summary_rf_only_tstage.csv
pred_oof_headneck_hu_realgeom,baseline_plus_hu,rf_depth12_leaf1,raw,745,0.5035429259642125,0.5035429259642125,0.512848992608389,0.4610778443113772,0.6953405017921147,0.3791208791208791,0.4786324786324786,0.5283018867924528,0.5022421524663677,106,,,,,,,,outputs/tn_staging/models/rf_only_tstage_pred_oof_headneck_hu_realgeom/summary_rf_only_tstage.csv
pred_oof_headneck_hu_realgeom_predmask_petaware,baseline_plus_hu_geom,rf_subsample_leaf2,raw,745,0.5016311757909209,0.5016311757909209,0.5102617460021805,0.4311377245508982,0.6810035842293907,0.3901098901098901,0.5042735042735043,0.5462962962962963,0.5244444444444445,108,,,,,,,,outputs/tn_staging/models/rf_only_tstage_pred_oof_headneck_hu_realgeom_predmask_petaware/summary_rf_only_tstage.csv
pred_oof_headneck_hu_realgeom_predmask_final,baseline_plus_hu_geom,rf_subsample_leaf2,raw,745,0.5005920452607723,0.5005920452607723,0.509403446869602,0.4251497005988024,0.6810035842293907,0.4175824175824176,0.4786324786324786,0.5283018867924528,0.5022421524663677,106,,,,,,,,outputs/tn_staging/models/rf_only_tstage_pred_oof_headneck_hu_realgeom_predmask_final/summary_rf_only_tstage.csv
pred_oof_headneck_hu_realgeom_predmask_final,baseline_plus_hu_geom,rf_depth12_leaf1,raw_posthoc_t3_to_t4,745,0.5003536587465504,0.5003536587465504,0.50658994611069,0.3832335329341317,0.7060931899641577,0.3736263736263736,0.5384615384615384,0.5431034482758621,0.5407725321888412,116,,,,,,,,outputs/tn_staging/models/rf_only_tstage_pred_oof_headneck_hu_realgeom_predmask_final/summary_rf_only_tstage.csv
pred_oof_headneck_hu_realgeom_predmask_petaware,baseline_plus_hu,rf_leaf2,ordinal_default,745,0.500174146566845,0.500174146566845,0.5141672067402036,0.437125748502994,0.6630824372759857,0.532967032967033,0.3675213675213675,0.6142857142857143,0.4598930481283422,70,,,,,,,,outputs/tn_staging/models/rf_only_tstage_pred_oof_headneck_hu_realgeom_predmask_petaware/summary_rf_only_tstage.csv
pred_oof_headneck_hu_realgeom_predmask_petaware,baseline_plus_hu_geom,rf_depth12_leaf1,raw_posthoc_t3_to_t4,745,0.500084051441015,0.500084051441015,0.506399031087692,0.4071856287425149,0.7060931899641577,0.3571428571428571,0.5299145299145299,0.5391304347826087,0.5344827586206896,115,,,,,,,,outputs/tn_staging/models/rf_only_tstage_pred_oof_headneck_hu_realgeom_predmask_petaware/summary_rf_only_tstage.csv
pred_oof_headneck_hu_realgeom_predmask_final,baseline_plus_hu,rf_leaf2,ordinal_default,745,0.4992685372490278,0.4992685372490278,0.5127511975369244,0.4431137724550898,0.6559139784946236,0.521978021978022,0.376068376068376,0.6027397260273972,0.4631578947368421,73,,,,,,,,outputs/tn_staging/models/rf_only_tstage_pred_oof_headneck_hu_realgeom_predmask_final/summary_rf_only_tstage.csv
pred_oof_headneck_hu_realgeom,baseline_plus_hu_geom,rf_leaf2,ordinal_default,745,0.4991752876145381,0.4991752876145381,0.5143491360223957,0.4491017964071856,0.6953405017921147,0.5274725274725275,0.3247863247863248,0.6129032258064516,0.4245810055865922,62,,,,,,,,outputs/tn_staging/models/rf_only_tstage_pred_oof_headneck_hu_realgeom/summary_rf_only_tstage.csv
pred_oof_headneck_hu_realgeom_predmask_petaware,baseline_plus_hu_geom,rf_leaf2,ordinal_default,745,0.4979568512744097,0.4979568512744097,0.5135152307665469,0.4011976047904191,0.7096774193548387,0.521978021978022,0.358974358974359,0.6363636363636364,0.4590163934426229,66,,,,,,,,outputs/tn_staging/models/rf_only_tstage_pred_oof_headneck_hu_realgeom_predmask_petaware/summary_rf_only_tstage.csv
pred_oof_headneck_hu_realgeom,baseline,rf_subsample_leaf2,raw,745,0.497651394599434,0.497651394599434,0.5035936137432411,0.497005988023952,0.6523297491039427,0.3626373626373626,0.4786324786324786,0.5,0.4890829694323144,112,,,,,,,,outputs/tn_staging/models/rf_only_tstage_pred_oof_headneck_hu_realgeom/summary_rf_only_tstage.csv
pred_oof_headneck_hu_realgeom_predmask_final,baseline,rf_subsample_leaf2,raw,745,0.497651394599434,0.497651394599434,0.5035936137432411,0.497005988023952,0.6523297491039427,0.3626373626373626,0.4786324786324786,0.5,0.4890829694323144,112,,,,,,,,outputs/tn_staging/models/rf_only_tstage_pred_oof_headneck_hu_realgeom_predmask_final/summary_rf_only_tstage.csv
pred_oof_headneck_hu_realgeom_predmask_petaware,baseline,rf_subsample_leaf2,raw,745,0.497651394599434,0.497651394599434,0.5035936137432411,0.497005988023952,0.6523297491039427,0.3626373626373626,0.4786324786324786,0.5,0.4890829694323144,112,,,,,,,,outputs/tn_staging/models/rf_only_tstage_pred_oof_headneck_hu_realgeom_predmask_petaware/summary_rf_only_tstage.csv
pred_oof_headneck_hu_realgeom,baseline_plus_hu,rf_leaf1,raw,745,0.4972974115576009,0.4972974115576009,0.5089771848358379,0.4071856287425149,0.7132616487455197,0.3901098901098901,0.4786324786324786,0.5773195876288659,0.5233644859813084,97,,,,,,,,outputs/tn_staging/models/rf_only_tstage_pred_oof_headneck_hu_realgeom/summary_rf_only_tstage.csv
pred_oof_headneck_hu_realgeom_predmask_petaware,baseline_plus_hu,rf_leaf1,raw_posthoc_t3_to_t4,745,0.4966379718407919,0.4966379718407919,0.503996184957241,0.4131736526946107,0.7168458781362007,0.3351648351648351,0.5213675213675214,0.5398230088495575,0.5304347826086957,113,,,,,,,,outputs/tn_staging/models/rf_only_tstage_pred_oof_headneck_hu_realgeom_predmask_petaware/summary_rf_only_tstage.csv
pred_oof_headneck_hu_realgeom,baseline,rf_depth12_leaf1,raw,745,0.4961578379339631,0.4961578379339631,0.5060144175720966,0.4610778443113772,0.7060931899641577,0.3901098901098901,0.4273504273504273,0.5102040816326531,0.4651162790697674,98,,,,,,,,outputs/tn_staging/models/rf_only_tstage_pred_oof_headneck_hu_realgeom/summary_rf_only_tstage.csv
pred_oof_headneck_hu_realgeom_predmask_final,baseline,rf_depth12_leaf1,raw,745,0.4961578379339631,0.4961578379339631,0.5060144175720966,0.4610778443113772,0.7060931899641577,0.3901098901098901,0.4273504273504273,0.5102040816326531,0.4651162790697674,98,,,,,,,,outputs/tn_staging/models/rf_only_tstage_pred_oof_headneck_hu_realgeom_predmask_final/summary_rf_only_tstage.csv
pred_oof_headneck_hu_realgeom_predmask_petaware,baseline,rf_depth12_leaf1,raw,745,0.4961578379339631,0.4961578379339631,0.5060144175720966,0.4610778443113772,0.7060931899641577,0.3901098901098901,0.4273504273504273,0.5102040816326531,0.4651162790697674,98,,,,,,,,outputs/tn_staging/models/rf_only_tstage_pred_oof_headneck_hu_realgeom_predmask_petaware/summary_rf_only_tstage.csv
pred_oof_headneck_hu_realgeom_predmask_petaware,baseline_plus_hu,rf_leaf1,raw,745,0.4949590951619153,0.4949590951619153,0.5062146701624426,0.4131736526946107,0.7168458781362007,0.3626373626373626,0.4871794871794871,0.5643564356435643,0.5229357798165137,101,,,,,,,,outputs/tn_staging/models/rf_only_tstage_pred_oof_headneck_hu_realgeom_predmask_petaware/summary_rf_only_tstage.csv
pred_oof_headneck_hu_realgeom_predmask_final,baseline_plus_hu_geom,rf_leaf2,raw,745,0.4945073223516337,0.4945073223516337,0.5016154735734154,0.437125748502994,0.6666666666666666,0.3956043956043956,0.4786324786324786,0.509090909090909,0.4933920704845815,110,,,,,,,,outputs/tn_staging/models/rf_only_tstage_pred_oof_headneck_hu_realgeom_predmask_final/summary_rf_only_tstage.csv
pred_oof_headneck_hu_realgeom,baseline_plus_hu_geom,rf_leaf1,raw,745,0.4940916937246857,0.4940916937246857,0.5075753219836616,0.3952095808383233,0.7240143369175627,0.3956043956043956,0.4615384615384615,0.574468085106383,0.5118483412322274,94,,,,,,,,outputs/tn_staging/models/rf_only_tstage_pred_oof_headneck_hu_realgeom/summary_rf_only_tstage.csv
pred_oof_headneck_hu_realgeom_predmask_final,baseline_plus_hu_geom,rf_depth12_leaf1,raw,745,0.4936381520310436,0.4936381520310436,0.5043143289348222,0.3832335329341317,0.7060931899641577,0.4065934065934066,0.4786324786324786,0.56,0.5161290322580645,100,,,,,,,,outputs/tn_staging/models/rf_only_tstage_pred_oof_headneck_hu_realgeom_predmask_final/summary_rf_only_tstage.csv
pred_oof_headneck_hu_realgeom,baseline_plus_hu_geom,rf_leaf1,raw_posthoc_t3_to_t4,745,0.492260191893184,0.492260191893184,0.5021071923188054,0.3952095808383233,0.7240143369175627,0.3626373626373626,0.4871794871794871,0.5377358490566038,0.5112107623318386,106,,,,,,,,outputs/tn_staging/models/rf_only_tstage_pred_oof_headneck_hu_realgeom/summary_rf_only_tstage.csv
pred_oof_headneck_hu_realgeom,baseline_plus_hu,rf_leaf2,ordinal_default,745,0.4899088742047985,0.4899088742047985,0.5019898947898405,0.437125748502994,0.6702508960573477,0.5274725274725275,0.3247863247863248,0.5757575757575758,0.4153005464480874,66,,,,,,,,outputs/tn_staging/models/rf_only_tstage_pred_oof_headneck_hu_realgeom/summary_rf_only_tstage.csv
pred_oof_headneck_hu_realgeom_predmask_final,baseline_plus_hu_geom,rf_leaf2,ordinal_default,745,0.4899071053214379,0.4899071053214379,0.5047584113701707,0.4011976047904191,0.7025089605734767,0.5054945054945055,0.3504273504273504,0.6029411764705882,0.4432432432432432,68,,,,,,,,outputs/tn_staging/models/rf_only_tstage_pred_oof_headneck_hu_realgeom_predmask_final/summary_rf_only_tstage.csv
pred_oof_headneck_hu_realgeom_predmask_petaware,baseline_plus_hu_geom,rf_depth12_leaf1,raw,745,0.4877214140783775,0.4877214140783775,0.4985868061560861,0.4071856287425149,0.7060931899641577,0.3846153846153846,0.452991452991453,0.5463917525773195,0.4953271028037383,97,,,,,,,,outputs/tn_staging/models/rf_only_tstage_pred_oof_headneck_hu_realgeom_predmask_petaware/summary_rf_only_tstage.csv
pred_oof_headneck_hu_realgeom,baseline,rf_leaf1,raw_posthoc_t3_to_t4,745,0.4871798409561593,0.4871798409561593,0.4919117647058824,0.4071856287425149,0.7491039426523297,0.2967032967032967,0.4957264957264957,0.5043478260869565,0.5,115,,,,,,,,outputs/tn_staging/models/rf_only_tstage_pred_oof_headneck_hu_realgeom/summary_rf_only_tstage.csv
pred_oof_headneck_hu_realgeom_predmask_final,baseline,rf_leaf1,raw_posthoc_t3_to_t4,745,0.4842799630562814,0.4842799630562814,0.4894651390316268,0.4071856287425149,0.7491039426523297,0.3021978021978022,0.4786324786324786,0.4912280701754385,0.4848484848484848,114,,,,,,,,outputs/tn_staging/models/rf_only_tstage_pred_oof_headneck_hu_realgeom_predmask_final/summary_rf_only_tstage.csv
pred_oof_headneck_hu_realgeom_predmask_petaware,baseline,rf_leaf1,raw_posthoc_t3_to_t4,745,0.4842799630562814,0.4842799630562814,0.4894651390316268,0.4071856287425149,0.7491039426523297,0.3021978021978022,0.4786324786324786,0.4912280701754385,0.4848484848484848,114,,,,,,,,outputs/tn_staging/models/rf_only_tstage_pred_oof_headneck_hu_realgeom_predmask_petaware/summary_rf_only_tstage.csv
pred_oof_headneck_hu_realgeom_predmask_petaware,baseline_plus_hu_geom,rf_leaf1,raw_posthoc_t3_to_t4,745,0.4799311338330075,0.4799311338330075,0.4868482274560524,0.3772455089820359,0.7060931899641577,0.3406593406593406,0.4957264957264957,0.5178571428571429,0.5065502183406113,112,,,,,,,,outputs/tn_staging/models/rf_only_tstage_pred_oof_headneck_hu_realgeom_predmask_petaware/summary_rf_only_tstage.csv
pred_oof_headneck_hu_realgeom_predmask_final,baseline_plus_hu_geom,rf_leaf1,raw_posthoc_t3_to_t4,745,0.4779565588190274,0.4779565588190274,0.4853739431652569,0.3712574850299401,0.7096774193548387,0.3351648351648351,0.4957264957264957,0.5321100917431193,0.5132743362831859,109,,,,,,,,outputs/tn_staging/models/rf_only_tstage_pred_oof_headneck_hu_realgeom_predmask_final/summary_rf_only_tstage.csv
pred_oof_headneck_hu_realgeom_predmask_final,baseline_plus_hu_geom,rf_leaf1,raw,745,0.4726146784771471,0.4726146784771471,0.4846468246170702,0.3712574850299401,0.7096774193548387,0.3736263736263736,0.4358974358974359,0.5543478260869565,0.4880382775119617,92,,,,,,,,outputs/tn_staging/models/rf_only_tstage_pred_oof_headneck_hu_realgeom_predmask_final/summary_rf_only_tstage.csv
pred_oof_headneck_hu_realgeom_predmask_petaware,baseline_plus_hu_geom,rf_leaf1,raw,745,0.472452501354375,0.472452501354375,0.4844191258701271,0.3772455089820359,0.7060931899641577,0.3791208791208791,0.4273504273504273,0.5434782608695652,0.4784688995215311,92,,,,,,,,outputs/tn_staging/models/rf_only_tstage_pred_oof_headneck_hu_realgeom_predmask_petaware/summary_rf_only_tstage.csv
pred_oof_headneck_hu_realgeom,baseline,rf_leaf1,raw,745,0.4717647005410188,0.4717647005410188,0.4827792896313982,0.4071856287425149,0.7491039426523297,0.3461538461538461,0.3846153846153846,0.5056179775280899,0.4368932038834951,89,,,,,,,,outputs/tn_staging/models/rf_only_tstage_pred_oof_headneck_hu_realgeom/summary_rf_only_tstage.csv
pred_oof_headneck_hu_realgeom_predmask_final,baseline,rf_leaf1,raw,745,0.4717647005410188,0.4717647005410188,0.4827792896313982,0.4071856287425149,0.7491039426523297,0.3461538461538461,0.3846153846153846,0.5056179775280899,0.4368932038834951,89,,,,,,,,outputs/tn_staging/models/rf_only_tstage_pred_oof_headneck_hu_realgeom_predmask_final/summary_rf_only_tstage.csv
pred_oof_headneck_hu_realgeom_predmask_petaware,baseline,rf_leaf1,raw,745,0.4717647005410188,0.4717647005410188,0.4827792896313982,0.4071856287425149,0.7491039426523297,0.3461538461538461,0.3846153846153846,0.5056179775280899,0.4368932038834951,89,,,,,,,,outputs/tn_staging/models/rf_only_tstage_pred_oof_headneck_hu_realgeom_predmask_petaware/summary_rf_only_tstage.csv
